PGR,SPY,IEF,EUR=X,GSG
46.7760468,259.9969177,95.902092,0.81233,17.12
47.1395721,260.1070557,96.1144638,0.80703,16.99
46.353344,263.1186218,95.8281708,0.80695,17.16
44.9161568,261.3741455,95.5880966,0.80463,17.04
45.2205086,258.6931763,95.3664398,0.80768,16.88
45.7361984,258.8217163,95.394165,0.80583,16.89
46.2585297,258.5279236,94.9020767,0.80524,17.1
45.9649925,252.8997803,94.55056,0.79936,16.87
44.8512688,242.3229065,95.3275681,0.80341,17.04
45.6455498,247.097168,94.9113388,0.80855,16.56
46.1031265,245.7566681,94.633812,0.80767,16.25
44.0915146,236.538681,94.7171173,0.81512,16.07
45.0843773,240.0918121,94.55056,0.81561,15.8
45.2225151,243.6174469,94.5228271,0.81614,15.88
45.9477234,244.2234039,94.6800613,0.81276,15.91
48.6068649,247.5195465,94.1065598,0.80947,16.17
49.0212708,250.6778564,94.134346,0.8021,16.28
49.5133667,250.7513123,94.3563309,0.79977,16.31
48.8140678,249.1813507,94.2545776,0.80654,16.31
49.357975,247.9418945,93.9771118,0.81068,16.27
49.0817032,248.2632141,94.1065598,0.81421,16.47
49.8241882,252.2203827,94.4673309,0.81125,16.63
50.8084068,255.1491394,94.5783234,0.81386,16.71
50.5321312,251.9632263,94.2823486,0.81198,16.53
49.7119598,249.4108734,94.5043259,0.81764,16.27
49.8932533,245.7842255,94.9110413,0.82026,16.31
49.7119598,247.0512695,94.5589676,0.81494,16.29
50.7566109,249.9066467,94.4385605,0.81199,16.48
50.6098366,250.5402069,94.4292908,0.8106,16.45
50.4371758,250.4483643,94.4292908,0.80537,16.26
50.9551735,251.6603241,94.6238403,0.8055,16.13
52.1207047,256.0397949,94.4200287,0.81257,16.34
51.7753677,255.718338,94.6423874,0.81243,16.22
51.8098984,254.0657654,94.7998505,0.8104,16.18
53.0099716,252.7621002,94.9851685,0.80695,16.2
53.1653633,252.4866333,94.9480667,0.80804,16.23
53.4589081,252.7604675,94.8369141,0.8124,16.34
53.415741,249.3404388,94.7442551,0.81428,16.23
53.8128853,249.7645416,94.5589676,0.81058,16.39
53.5366096,249.285141,94.6238403,0.8162,16.72
52.2761116,243.053772,95.0129395,0.80987,16.52
51.5249939,237.8731079,95.1426315,0.81136,16.72
52.5351219,244.3811035,94.8832321,0.80943,16.68
52.0516357,240.2237701,95.4205475,0.80273,16.59
52.1811409,239.5139465,95.4020538,0.80594,16.56
52.6041832,242.5743866,95.5966034,0.81233,16.65
51.6372261,237.338501,95.6939926,0.81207,16.38
52.3969879,240.3804626,95.3877716,0.81349,16.44
53.0186043,242.952301,95.3321075,0.81443,16.43
52.8804626,244.8697052,95.0908127,0.81388,16.5
51.8358002,239.4125824,95.5084229,0.81622,16.3
51.8012733,240.5924988,95.5269775,0.8149,16.57
52.1379738,244.4179535,95.3599243,0.81153,16.96
51.7926331,243.1367035,95.4527359,0.80886,17.08
52.2329483,245.1370392,95.109375,0.8083,17.15
51.8616982,244.4179535,95.1929092,0.81105,17.18
52.6041832,246.4276276,95.1465378,0.81086,17.08
53.7697105,249.0639648,95.2021561,0.80742,17.07
52.8200226,249.2482758,94.8309784,0.8082,17.47
52.7768555,247.8655396,94.5711517,0.80781,17.39
52.7077866,245.7638245,94.2556458,0.81001,17.38
52.8545647,245.7269897,94.1628113,0.81477,17.44
52.4142456,242.4176636,94.0514832,0.81907,17.27
52.0602722,243.016861,93.8473206,0.8169,17.33
52.3451805,245.4872894,94.1164246,0.82158,17.4
52.6473541,245.717804,94.2742081,0.82579,17.37
52.0516357,243.8280487,94.3762665,0.82489,17.42
52.2329483,244.2612915,94.2284241,0.82773,17.31
50.9206467,242.6204987,94.2470398,0.83392,17.33
51.1710167,242.0858154,94.4887695,0.83675,17.45
51.6372261,245.2200165,94.4980774,0.83408,17.62
52.4056206,246.0496368,94.4515915,0.83647,17.6
52.8027534,246.0496368,94.2935028,0.83796,17.65
53.3466759,248.4278717,94.0796738,0.84261,17.85
53.8474159,250.7508392,94.2749329,0.84408,17.91
53.8992119,251.5160065,94.2842484,0.8391,17.78
53.2862434,251.6357117,94.0796738,0.83667,17.91
53.4502716,249.9028625,93.559021,0.83814,17.9
53.1912727,250.9536743,93.3638,0.84596,17.98
52.1120796,250.7416229,93.3079987,0.84624,18.03
52.6041832,250.1147766,93.6706009,0.8478,17.98
53.2344398,251.995285,93.735672,0.84986,18.15
53.5193481,251.2946777,93.6985168,0.848,18.16
53.7265472,251.9860535,94.1261978,0.84828,18.18
54.0718994,251.4698944,94.3679123,0.85396,18.07
53.8301544,250.8706665,94.7398148,0.85305,17.72
53.277607,247.9853363,95.7625275,0.86007,17.54
54.3913307,251.2946777,95.3534317,0.8666,17.83
53.6056786,249.7552643,95.3069611,0.8571,17.69
53.8992119,252.2073517,94.9547882,0.8552,17.51
54.2445641,253.4056396,94.6194382,0.857,17.32
54.3827019,253.5899658,94.8616486,0.85466,17.35
54.0373535,255.7102203,94.4796677,0.85279,17.39
54.0546188,255.6825714,94.8802719,0.8485,17.55
54.2531891,256.4384155,94.7498627,0.8478,17.52
54.1668625,256.7794495,94.6566772,0.84861,17.48
53.4589081,257.1113892,94.6008072,0.84932,17.51
53.9769249,256.2909241,94.489006,0.85119,17.59
53.4330101,256.9361877,94.7871323,0.8469,17.43
53.8387794,256.608429,94.8616486,0.86456,17.03
53.096302,256.0806885,94.908226,0.86237,17.19
53.4934464,255.0991211,95.1597519,0.85979,17.03
53.0272293,255.534317,94.8523483,0.86292,17.03
52.7077866,253.9323883,95.1038513,0.86363,16.97
52.4746742,254.3953094,95.1224747,0.86164,17.4
51.9566727,250.9323578,95.2529221,0.85753,17.14
51.585434,251.4878998,95.299469,0.8545,17.4
50.6875381,249.404541,95.6627808,0.85835,17.63
51.3954887,250.8304443,95.5696259,0.86478,17.67
51.0674248,251.1916046,95.4950943,0.86483,17.91
51.5767899,251.728653,95.4297943,0.85627,17.66
51.2228241,250.8397217,95.6724167,0.85895,17.66
50.9897194,252.8861237,95.6817627,0.85746,17.63
51.1019478,255.0250702,95.7657776,0.855,17.68
51.4300232,257.3213806,95.5230942,0.8509,17.76
51.4990997,258.2473755,95.4484634,0.85056,17.75
51.1364784,256.3583984,95.6444397,0.85273,17.03
50.6443672,258.6825256,95.6071014,0.8564,17.12
50.4544296,258.886261,95.7657776,0.8572,17.18
50.4371758,258.6547241,95.6071014,0.85623,16.78
51.2832565,259.7010193,95.5510941,0.85401,16.79
52.1379738,260.2473755,95.4764404,0.85813,16.9
51.3782234,259.2658691,95.7377777,0.85869,16.9
51.6544991,258.9696045,95.4017944,0.85799,16.99
51.4386597,259.4510498,94.9351578,0.85165,17.02
51.2746277,260.7567444,95.0004578,0.85513,17.1
51.3868637,262.9789734,94.9351578,0.85576,17.34
51.9048615,262.358551,94.8324432,0.85197,17.35
51.6890259,260.5808105,94.9817963,0.85889,17.28
51.3005219,259.219574,94.8604813,0.8576,17.41
51.8098984,260.4974365,94.9911423,0.85416,17.26
52.2502098,260.0621948,94.7666931,0.85546,17.03
53.2517052,261.4789429,94.8789139,0.8572,17.18
53.139473,262.5993347,95.1220703,0.86311,17.2
53.0358658,263.5623474,95.1688156,0.86488,17.23
53.3725662,264.4326477,94.9724197,0.8652,17.31
53.4502716,264.3215942,95.0565948,0.86185,17.01
53.9941826,263.9604492,95.3183975,0.86127,16.97
53.9078522,262.191864,95.7298889,0.86776,17.02
53.4934464,261.2103882,95.701828,0.8776,16.95
53.778347,262.8771362,95.6083298,0.877,16.94
55.306488,260.914093,95.8420868,0.88139,16.56
56.1612091,263.0252686,95.8140564,0.8815,16.7
57.2231255,263.9511719,95.8514557,0.8794,16.82
57.7584114,264.5161133,96.1507034,0.8743,16.83
58.034687,265.1364441,96.0197754,0.87022,16.89
57.6030083,264.9790039,96.197464,0.8638,17.13
57.6807175,264.6271362,96.1881104,0.8632,17.08
57.7756805,266.2197876,96.2161713,0.8663,17.24
58.0692177,268.3215637,96.0010757,0.85845,17.32
57.9742584,268.4513245,95.7859955,0.8559,17.23
58.4232025,269.895813,95.7579575,0.85534,17.46
57.9915161,268.8031311,95.9356155,0.85399,17.44
58.3023262,268.8123779,95.9543304,0.85729,17.44
59.0448151,268.3494263,95.7350464,0.86092,17.36
59.3901482,267.6272278,95.7256927,0.86307,17.26
59.4160614,266.8216553,95.9224854,0.85946,17.14
59.4592247,266.3031616,95.4914551,0.86058,17.19
58.5268021,266.7661438,95.5476379,0.86497,17.2
58.6994629,267.6456909,95.2009583,0.86237,17.4
59.0189171,267.7105408,95.3134155,0.86236,17.51
59.3469925,269.2938843,95.304039,0.8599,17.31
58.9153061,269.3401794,95.1259918,0.8553,17.28
59.1656876,267.9142456,95.1447296,0.85992,17.24
60.1585388,269.3680115,94.7512054,0.85696,17.43
60.3312035,269.6550293,94.5918884,0.85617,17.57
61.1082382,271.8402405,94.601265,0.85656,17.55
61.0564194,271.5919495,94.6387558,0.84919,17.63
60.7542458,270.6896667,94.5356903,0.85099,17.89
61.4708405,270.4385681,94.4419708,0.85085,17.95
61.1945724,269.629303,94.7512054,0.85011,17.83
60.7110863,270.3827209,94.7512054,0.85117,17.93
61.3327065,270.410675,94.7980347,0.8593,18.11
61.0391541,271.3501587,94.557663,0.86167,18.5
61.2636299,271.1920166,94.8017883,0.86374,18.53
61.3499718,271.3408203,94.0976028,0.86567,18.72
61.3931389,269.2201233,93.8535156,0.87136,18.46
61.0132523,267.7131653,93.6281815,0.8682,18.42
61.3240738,267.7131653,93.6657104,0.86786,18.39
62.0147591,267.3225403,93.8441086,0.87001,18.52
59.1570511,258.8583069,93.8910522,0.86904,18.13
57.8188477,253.1565704,94.2760239,0.86705,17.83
57.7238884,256.6724854,94.163353,0.86278,17.94
57.1885948,255.2306671,94.2196808,0.8657,18.02
60.667923,260.8115845,94.2102509,0.8633,18.08
60.9787178,260.8580627,93.9380112,0.86391,17.86
61.9888458,257.0910034,94.1070328,0.8695,17.62
60.9096603,256.9515076,93.994339,0.8726,17.75
60.6592827,255.7980957,94.0131149,0.86885,17.78
59.9513359,254.4958649,94.2572327,0.872,17.31
58.4836349,246.7851105,94.7642212,0.8716,17.24
59.5369339,251.2125549,94.5388718,0.87725,17.33
58.8030739,246.7943726,94.9614182,0.8789,17.5
59.4592247,245.4270172,94.952034,0.87729,17.28
60.2535095,249.0639038,94.7454605,0.87903,17.18
60.1758003,251.7241211,94.5107346,0.88134,16.99
59.6059837,254.4029083,94.5916672,0.88365,16.82
59.036171,252.8961029,94.064743,0.87694,16.8
60.2017097,254.291275,94.1211777,0.87738,16.8
60.2448845,255.9004669,94.0176849,0.8762,16.7
63.1284866,261.3790283,94.0176849,0.87424,16.68
63.4220123,260.904541,93.8859558,0.87458,16.5
63.1889,258.3559875,94.2529373,0.87963,16.35
62.0751801,253.5286407,94.5352173,0.883,16.28
61.8075485,253.0542603,94.6104584,0.8902,15.77
55.9453735,251.324173,94.8080521,0.88408,16.1
57.2404022,253.9471588,94.8739395,0.88403,15.95
57.274929,254.6075134,95.1656189,0.88301,16.14
56.1266708,250.3010101,95.3068008,0.87612,16.17
55.5827599,245.6688385,95.2879257,0.87298,15.54
54.9870491,246.5059967,95.2691193,0.87932,15.66
54.3481674,244.8596802,95.3255692,0.87695,15.14
54.5899086,248.8127289,95.2502975,0.88204,15.17
53.4330101,249.6498871,95.3443985,0.88235,15.12
55.4705315,255.3981171,95.3350067,0.88505,15.03
56.2820816,254.8401031,95.5796204,0.87962,15.17
57.2317657,256.3934326,95.7678299,0.87775,15.11
57.6807175,259.7884521,95.9771652,0.88166,15.46
55.7985954,251.370636,96.4203033,0.88068,15.46
55.9712677,250.9893494,96.6654587,0.88113,15.25
54.7539406,245.1573792,96.9483109,0.87914,15.47
54.9525185,245.6224213,97.0048904,0.87712,15.17
54.7971077,245.6782074,96.759758,0.88055,15.25
55.306488,246.9153137,96.4957275,0.88315,15.14
54.5208359,246.831543,96.5522995,0.87924,15.39
53.5279808,242.2738953,96.7031555,0.88,15.09
52.7250557,237.5208893,96.9860306,0.88449,14.79
52.7336807,237.260437,97.2250748,0.88107,14.4
52.5523911,233.7072601,97.5652237,0.87909,14.47
51.6285973,229.9030151,97.4423981,0.878,14.27
51.3005219,225.1923676,97.5274582,0.87284,14.1
49.2716331,219.2421722,97.7730942,0.87929,13.86
51.2228241,230.3193359,97.3101273,0.876,14.27
51.973938,232.0875854,97.5557632,0.88018,14.07
51.4990997,231.7881622,98.0848923,0.87481,13.97
52.086174,233.8183746,98.4533768,0.87413,14.02
51.1364784,234.0615997,98.6612549,0.87247,14.09
50.2731361,228.4762726,99.4454727,0.88354,14.24
51.4213943,236.1292419,98.6423569,0.87788,14.45
51.8358002,237.9910278,98.3683624,0.87639,14.51
52.4315109,240.227005,98.1226807,0.8711,14.7
52.9236374,241.349762,98.1793823,0.8729,15.11
53.5020866,242.2010956,98.1321487,0.86543,15.1
53.2517052,242.2946625,98.4250412,0.8688,15.01
53.1653633,240.816452,98.3683624,0.87259,14.87
53.553875,243.5763702,98.2738571,0.87162,15.03
54.04599,244.1658478,98.2171555,0.8759,15.1
54.6071663,246.0182343,98.0376587,0.87734,15.14
55.6172905,249.2927551,97.7258606,0.87776,15.32
54.6417084,245.9246063,98.0660019,0.87956,15.13
56.1094055,246.4392853,98.0187454,0.87997,15.1
56.3252449,246.5702667,98.3305511,0.8781,15.14
56.3770447,248.6565247,98.1037979,0.8839,15.22
56.2907143,246.7666931,98.1321487,0.87619,14.92
56.8173599,246.4392853,98.4156265,0.87489,15.13
57.6289062,250.3406067,98.6423569,0.87448,15.27
58.0951271,252.5391388,99.0958786,0.8705,15.19
59.0135078,252.6608276,98.5656662,0.8734,15.4
59.2197838,254.4384003,98.347908,0.87296,15.37
59.6682129,255.5049286,98.5182877,0.87441,15.27
60.6009598,255.1681366,98.5940475,0.87643,15.3
60.7354736,252.7356567,98.9159927,0.87982,15.09
61.3094788,253.0444031,99.0485306,0.88193,15.13
62.0269661,253.1847382,98.8970337,0.88306,15.04
62.1525269,256.4405823,98.7645187,0.8866,15.16
63.4978294,257.2731934,98.5182877,0.88225,15.3
63.417099,256.7025146,98.9822845,0.88771,15.38
63.9103775,259.4998779,98.8875809,0.88532,15.66
64.4036636,259.9489441,99.0579987,0.88402,15.64
65.0045395,260.4728394,99.0390625,0.8816,15.74
64.6727142,259.5465698,98.7455444,0.88134,15.79
64.8162003,261.1557922,99.0390625,0.8816,15.82
65.2287674,261.511322,98.8875809,0.88166,15.5
64.8610458,261.3242188,99.1811218,0.8797,15.58
65.2108307,261.2119751,98.8307724,0.87772,15.74
65.3812256,260.7254028,98.5751266,0.87872,15.72
65.4888458,262.3533936,98.2516479,0.87924,15.54
65.2108307,261.3990784,98.5552063,0.87905,15.61
65.0224838,261.0435181,98.6121216,0.88204,15.66
64.4933319,259.4624023,98.8872147,0.8844,15.59
64.7713623,257.2918701,99.2192688,0.88386,15.61
64.8162003,256.7773438,99.3615494,0.89299,15.57
65.3363876,260.500885,99.2856445,0.89028,15.63
65.9910889,261.4833069,99.5607529,0.88816,15.68
64.8610458,263.2140808,99.5228424,0.88594,15.87
65.3453522,263.0457153,99.3805542,0.88253,15.85
66.0179977,264.3452759,99.6935959,0.8843,15.87
65.5247269,265.3037415,99.5607529,0.88341,15.99
64.9328003,265.3695374,99.4943771,0.88213,15.97
64.5830231,264.5707703,100.1868744,0.88068,16.18
65.5875015,267.559021,100.139473,0.87505,16.1
65.2736053,262.4094543,100.8794174,0.87912,15.94
65.2197876,262.2121887,101.1355515,0.88528,15.98
65.6323547,264.166748,101.050148,0.88372,16.08
65.2108307,262.7854309,101.3442383,0.88693,15.97
64.9507217,263.7814636,101.3537292,0.88875,15.93
64.6547546,265.4447021,101.1924515,0.89047,15.95
65.2556534,268.5926819,100.4966125,0.89096,16.18
65.1928787,268.7242737,100.667717,0.8924,16.3
65.4978256,269.1470947,100.3540344,0.89255,16.33
65.1385803,269.8612366,100.4586029,0.88913,16.33
65.2912598,271.1674805,100.5061188,0.8908,16.47
64.6715851,271.374176,100.3445435,0.8913,16.6
64.2405014,269.9834595,100.5251312,0.88838,16.52
64.7254715,270.9043579,100.7627945,0.88755,16.64
64.4560242,270.8291626,100.5346298,0.8868,16.53
65.210434,272.6615295,100.06884,0.88804,16.62
64.8961029,272.4830017,100.2019424,0.88456,16.55
69.3865509,272.6615295,99.8597336,0.88457,16.57
68.3986664,271.9944458,99.8787384,0.88613,16.49
67.3568649,272.5299988,100.116394,0.88518,16.55
66.9617157,272.7648926,99.973793,0.88932,16.76
67.9765625,275.2175598,100.1544189,0.88818,16.79
67.4197388,274.6067505,100.5346298,0.89092,16.69
67.8957214,274.437561,100.4110641,0.89658,16.59
68.4255981,275.7155762,100.6772232,0.89792,16.31
69.2518387,276.1477661,100.4681015,0.89684,16.35
70.1858521,276.2887573,100.667717,0.89404,16.39
69.0722275,274.2120361,100.6220169,0.89158,16.4
67.8597946,273.6200256,100.3362885,0.89279,16.14
66.8449478,276.2981873,100.4695969,0.89497,16.17
66.6743164,275.1611328,100.7267761,0.89399,16.25
65.3720856,270.56604,101.0696793,0.89271,15.96
66.0276871,270.190155,100.8791962,0.89357,16.04
65.4259567,269.3726501,101.1458893,0.89299,15.96
65.9468613,270.7258606,101.0792007,0.8911,16.01
65.1475677,263.9223633,101.5840454,0.88996,15.86
66.1354599,266.3092041,101.4887772,0.89027,16.09
69.6021042,267.8690796,101.8126221,0.8925,16.24
69.9164276,270.3499451,101.6125946,0.89228,16.44
69.7996826,268.6020508,101.6602478,0.89497,16.31
70.3205719,266.8260803,101.4887772,0.89563,16.34
71.910202,269.2316589,101.3744659,0.89537,16.34
71.5868835,265.1252441,102.2983932,0.89642,15.62
72.0449142,265.7266846,102.2698441,0.89409,15.8
71.3892975,263.2552185,102.7174911,0.89335,15.9
71.7934418,261.4885864,102.6794052,0.8952,15.86
71.9730682,262.2027588,103.0508728,0.89788,15.56
71.2006836,258.6695251,103.7366867,0.89838,15.01
71.6946564,258.0117188,104.2358093,0.89493,14.9
73.4818497,263.6123047,103.8540192,0.88918,15.05
74.8469543,265.8957825,103.8540192,0.88857,14.73
74.6763153,267.6248169,103.8349686,0.89055,15.0
74.7032394,270.3029175,104.2453461,0.8868,15.04
74.173378,271.543335,103.7300186,0.88338,15.0
74.1554184,271.4775085,103.7300186,0.88354,15.06
72.8621597,270.9983215,103.9972076,0.88265,14.74
73.3201981,272.1165161,104.2548676,0.8853,14.95
73.6075897,271.8158264,104.3312683,0.88649,15.03
73.1585464,271.9191895,104.3121567,0.8915,14.94
73.0417938,274.766449,104.5125809,0.8909,15.18
73.409996,275.3866882,104.7988892,0.893,15.19
73.5267639,278.0177917,104.9706573,0.8898,15.53
71.9551086,277.6137085,104.5412216,0.8853,15.6
72.1706314,277.2737427,104.9038467,0.87837,15.64
71.4521713,274.5541992,105.0660858,0.87717,15.67
70.5810242,274.2803955,104.6366348,0.87951,15.88
71.568924,275.2530212,104.9515762,0.87914,15.88
71.784462,276.6694031,104.9992981,0.87928,15.65
73.4189911,279.1811523,104.867363,0.8799,15.72
74.2183075,279.9082336,105.2402115,0.88594,15.33
75.2163773,282.1461182,105.4409866,0.8855,15.49
75.5220947,281.8250427,104.771759,0.88607,15.61
75.189415,280.2765198,104.6665726,0.89068,15.54
75.0635147,280.625885,104.5996857,0.89158,15.64
75.0185623,281.9667358,104.6570435,0.8922,16.07
75.3062973,282.6277161,104.1408081,0.88819,16.1
75.8817749,283.8930054,104.2555237,0.8887,16.14
75.5041275,283.9874878,104.4753876,0.88715,15.94
75.6389923,283.0715637,104.2459412,0.88796,15.73
72.114212,281.1452332,104.7335281,0.89188,15.55
73.0044022,282.1744385,104.9916687,0.8905,15.39
71.9163895,280.6070251,104.8004608,0.88798,15.52
72.8515396,281.2962952,104.8482437,0.8914,15.49
72.4379272,283.3076172,104.6761627,0.89237,15.58
72.8515396,284.6390381,104.8291168,0.89676,15.49
72.9953995,283.2792358,104.6474991,0.89747,15.44
73.4629669,285.1771851,104.6283798,0.89717,15.44
73.0133896,284.6578979,104.7239761,0.8983,15.55
72.5727921,283.9591064,104.771759,0.89742,15.65
72.8155518,280.8525085,105.0394745,0.89622,15.58
72.0422821,278.4068604,106.2308578,0.9032,15.0
71.7185745,276.3105774,106.451149,0.90262,15.07
69.5425491,268.0010376,107.3705673,0.90025,14.91
71.529747,271.7592163,107.5429459,0.88938,14.78
70.5586243,271.9197083,107.5429459,0.8923,14.56
71.781517,277.2548218,107.552536,0.89251,14.68
72.4738846,275.3663025,107.3897171,0.89388,14.85
71.0531769,272.0142212,108.0696945,0.89218,14.74
71.4488297,276.2444458,107.686615,0.8914,15.03
67.9600143,268.0766602,108.404892,0.89469,14.76
69.2728043,268.7848206,109.0944748,0.8974,14.69
69.6774368,272.7507019,108.8071671,0.8998,14.72
70.0550995,276.0367126,108.2899704,0.9014,14.86
68.994072,273.9215698,108.7688446,0.90227,14.87
69.5065994,276.150116,108.4814987,0.90108,14.9
69.2997818,276.0650635,108.2420807,0.90165,14.81
67.5733566,268.9736633,108.9699554,0.9022,14.6
68.148819,271.9481201,108.8646088,0.89742,14.61
67.4025192,270.8811035,109.3339233,0.9006,14.74
67.3125839,272.7884827,109.3722153,0.90171,14.93
68.148819,276.2727661,109.1615067,0.90205,15.02
68.1578064,276.150116,109.1902161,0.904,14.82
67.9959641,274.5352783,109.4300995,0.9117,14.63
68.5714569,277.6514587,109.6027374,0.9112,15.05
68.814209,281.2207336,108.7201538,0.90621,15.04
69.5875168,281.4379272,108.7873383,0.9061,15.06
69.0030518,281.5795593,108.1157837,0.90739,15.28
68.4545593,281.5134888,107.3291473,0.90511,15.3
68.5894318,283.5153198,107.2236328,0.90495,15.11
69.2188492,284.497345,106.9837799,0.90798,15.03
65.3523636,284.3084717,106.0052795,0.9043,15.05
65.999794,283.4303894,106.4657669,0.90225,16.07
66.5572586,284.1479797,106.7439804,0.9086,15.6
67.6003342,284.3179626,106.7823486,0.90296,15.5
68.1398163,284.2990417,106.8302841,0.9065,15.6
68.3466492,282.9558105,107.4442444,0.9051,15.57
68.6793365,282.8893738,107.5977325,0.90752,15.62
68.8412018,280.6695557,108.1350021,0.90961,15.36
69.1559219,282.3297424,107.4250946,0.9077,15.33
69.2638168,281.7415466,107.6553421,0.913,15.32
69.3267517,280.2237549,107.8088379,0.91552,15.21
69.4616165,281.5233459,107.8951416,0.91385,15.05
68.274704,278.1746826,108.1939697,0.91746,14.98
67.4294739,273.2608643,108.5686569,0.9145,14.78
67.7891541,275.4995728,109.1355057,0.9121,14.79
69.2387619,279.2276917,109.3469086,0.91113,14.88
68.212326,278.0229187,108.9817886,0.9102,14.88
66.9878235,273.7067261,109.2124023,0.9114,14.84
67.5370483,276.3059692,108.9337463,0.9124,14.92
67.3119659,278.1746826,108.2516174,0.9101,15.01
67.7261276,281.0585022,107.511795,0.90818,15.26
68.1673126,280.7455139,107.8096695,0.906618,15.09
67.5010376,283.5249634,107.2908325,0.9067,15.05
65.61026,283.0696716,107.5021973,0.90623,15.12
64.3497162,283.9043884,107.4637451,0.90294,15.2
63.2062569,282.6617432,107.5598373,0.8987,15.16
63.0261765,284.5780029,107.1659317,0.8964,15.09
61.9187202,283.6483459,107.4157028,0.89672,15.15
61.5855904,284.4736023,107.4541397,0.89853,15.39
62.6570282,284.938446,107.4349289,0.89828,15.47
62.395916,286.1052551,107.204361,0.90058,15.53
61.9637413,287.717865,106.8008347,0.90218,15.46
62.8371086,287.6325073,106.8968964,0.90097,15.41
62.4679413,288.5147705,107.4157028,0.8997,15.32
62.7560692,287.7462769,108.0979004,0.8965,15.17
62.8281059,290.4119873,107.8938675,0.89629,15.55
61.9637413,291.5787659,107.3454056,0.89553,15.65
62.035778,291.2562561,106.7680969,0.89859,15.75
63.863533,291.3226318,107.0759964,0.903,15.58
65.3311386,292.3471985,106.2196121,0.90331,15.57
66.3305359,293.0681152,106.0752945,0.907466,15.64
66.3845673,292.5084839,106.1907272,0.90724,15.51
67.0418396,293.1251221,106.2388992,0.90617,15.52
64.5298004,293.2198792,106.5275269,0.90807,15.55
65.6822739,293.6468201,107.0663834,0.908,15.51
65.6372528,295.771759,106.9797974,0.9074,15.61
64.1336441,295.9899292,107.1626053,0.90456,15.39
64.4307785,295.904541,107.3646774,0.90315,15.21
63.5033836,294.8041382,107.7591782,0.902527,15.41
63.1072159,294.329834,107.489769,0.90262,15.62
63.7735023,294.9843445,107.4705124,0.90368,15.58
64.3767395,297.2704773,107.5186081,0.90723,15.61
65.6732788,297.9440613,107.7206879,0.9079,15.67
65.8533478,299.2721558,107.4416428,0.90723,15.6
65.772316,298.162323,107.3550568,0.90812,15.23
64.511795,295.629425,106.9695969,0.90752,15.26
63.611412,293.6468201,107.9235764,0.9026,15.29
64.6828613,295.4586182,107.5092468,0.9021,15.57
65.2231064,295.9899292,107.2586975,0.90228,15.59
65.7092972,298.6934509,106.9310684,0.90046,15.71
66.0334167,297.754364,107.0177841,0.90425,15.68
65.5922394,297.4222717,106.8925095,0.903751,15.76
64.0706253,298.2666321,107.3357697,0.90149,15.67
65.4481812,300.8373413,106.4878311,0.898,15.81
64.9799957,301.0176392,107.1141586,0.89397,15.88
64.0165787,303.0855713,106.6130753,0.89892,16.06
64.8269348,303.1520386,106.6227188,0.89791,16.15
64.1966705,303.17099,106.3336105,0.89675,16.15
64.0256119,304.4136658,106.416626,0.89961,16.17
64.6108322,305.7483215,106.416626,0.8988,16.13
64.5478058,306.2154236,106.3201065,0.90254,16.17
64.7098618,306.2249756,106.5034714,0.9014,16.24
64.5838318,307.8550415,106.6578522,0.90127,16.39
64.9619827,307.7788391,106.8122787,0.90081,16.38
65.115036,306.0819397,106.7447205,0.89427,16.33
65.1780624,306.8255005,106.3587265,0.892674,16.21
66.9247894,309.6948853,106.8508453,0.8912,16.29
66.9157791,307.3498535,107.5649414,0.89514,16.51
68.1312943,308.5223389,107.4491119,0.8959,16.51
67.6109238,307.6549377,107.2947464,0.893017,16.46
68.010498,309.2945251,107.0438385,0.89648,16.15
68.7074356,311.3918152,107.1210251,0.89983,16.03
68.4843979,310.495575,107.3526077,0.9,16.02
69.6180649,312.631012,107.2271957,0.89955,15.86
68.995491,312.1544495,107.4394684,0.89801,15.95
70.3614655,312.8598022,107.709671,0.8984,15.87
70.1012726,315.4623108,107.4877243,0.896539,15.85
70.9004135,316.4442139,107.4008942,0.8977,15.91
71.0212097,315.8245544,107.82547,0.90115,15.81
70.7703323,315.8627014,107.8447571,0.90207,15.58
70.9283066,316.2249146,108.1149445,0.90119,15.41
71.318573,313.4127197,108.500946,0.90455,15.15
70.4079132,308.3889465,109.2343292,0.907,14.79
71.0397949,311.6206055,108.86763,0.90746,14.92
75.0912399,311.3631897,109.3887024,0.90723,14.83
75.9833069,312.3736572,109.494873,0.9077,14.68
74.9797363,306.7015686,110.044899,0.90669,14.49
74.8682404,308.9799194,109.9511795,0.90173,14.16
75.1934509,313.6892395,109.3134232,0.90392,14.18
77.1262665,317.311676,108.8399734,0.9052,14.44
77.1820297,318.379364,108.9172516,0.9089,14.46
77.3678741,316.6825256,109.4390411,0.9105,14.37
77.6745148,319.0467224,109.6516266,0.9133,14.21
77.7395554,319.5995178,109.3907318,0.9163,14.3
77.3492889,321.6586609,109.1105423,0.9158,14.57
77.9253922,321.3154297,109.2071152,0.91946,14.58
77.8417664,321.8303223,109.4777069,0.922,14.67
77.497963,321.0009155,109.6516266,0.9225,14.73
75.6580734,322.535675,109.632309,0.92632,14.92
75.1191254,321.2106628,109.9511795,0.925061,14.9
75.6952515,317.90271,110.3956375,0.926956,14.8
75.2399216,307.3593445,111.2556305,0.92259,14.37
74.3385696,298.0457153,111.5648193,0.921727,14.11
74.0133362,296.9494629,111.5068512,0.918949,13.89
70.8818359,283.6129761,112.0479736,0.91862,13.55
67.9826279,282.4213562,113.3041,0.90932,13.36
73.2978287,294.6520386,113.2267456,0.90487,13.74
71.7738953,286.2153931,114.5423965,0.89734,13.75
75.3142776,298.2459106,114.290863,0.8944,13.72
74.8403549,288.3317261,115.3066711,0.89774,13.5
74.8217621,283.5652466,116.4772339,0.89096,12.83
69.9618912,261.4203491,117.5220413,0.87827,11.28
72.4429474,274.9475403,115.3647003,0.87735,11.81
69.794632,261.5443115,114.2134705,0.883665,11.5
64.693161,236.520462,114.2715378,0.88798,10.91
72.545166,256.7397766,113.526619,0.89406,11.15
67.8339539,228.6463013,116.5256119,0.89643,10.25
71.8203583,240.991394,113.6040115,0.8958,10.0
67.0440979,228.7893066,112.0270996,0.90781,9.43
62.2957191,229.2754669,112.3947449,0.91228,9.86
63.447979,219.3950348,115.2582779,0.93832,9.64
61.8404007,213.7854767,116.6223526,0.93507,9.66
64.1541748,233.1551666,115.8290863,0.92897,9.94
64.999794,236.6455383,115.8968124,0.9257,9.97
70.4543762,250.4632263,116.1773148,0.91831,9.82
68.3357239,243.003006,117.0383606,0.90512,9.61
70.7889175,250.8946991,117.3092422,0.89774,9.35
68.6144867,247.155014,117.5220413,0.90658,9.3
67.2392349,236.0318298,118.0005112,0.9069,9.13
71.1420135,241.478363,118.0198669,0.91294,9.66
70.5658798,237.9879608,118.107048,0.92188,10.18
70.705452,253.9727173,117.5743561,0.92533,10.04
70.3425751,254.2316589,117.0513306,0.9256,9.92
72.3988876,262.7657776,116.9060287,0.91784,10.11
74.7994614,266.7644348,117.1578674,0.9205,9.87
71.738266,264.3287659,116.9060287,0.91469,9.88
74.8739014,272.1245728,117.0610199,0.9155,9.61
73.7387466,266.3424988,118.107048,0.9103,9.36
73.5898666,267.6273804,118.2329636,0.917002,9.39
76.7627411,274.8574829,117.923027,0.92094,9.34
76.241684,270.0150757,118.2329636,0.92022,8.94
75.5996628,261.8165283,118.562294,0.9204,8.01
76.7534332,267.6273804,118.1942368,0.92111,8.17
75.9346313,267.6082153,118.2717209,0.9251,8.42
77.1070023,271.3383484,118.3007812,0.9279,8.35
77.1907425,275.2506104,117.671196,0.9239,7.96
75.4973145,273.9848633,118.1845322,0.9238,7.93
74.2505035,281.1574402,118.1264496,0.9228,8.14
71.9243622,278.5396118,117.8455353,0.91935,8.48
70.8822556,271.165741,118.0084457,0.91362,8.48
70.5752029,271.9136963,118.0278473,0.91244,8.64
72.6128922,274.4260254,117.9405975,0.91707,9.06
70.8915558,272.5657349,117.5042725,0.92263,8.85
69.7191772,275.8547363,118.221756,0.92605,8.87
69.1050568,280.4190369,117.8339081,0.92275,9.09
68.0815659,280.4765625,117.5042725,0.92255,8.96
67.1697311,274.8862915,117.8920898,0.92512,8.9
67.7000732,270.0246582,118.1344604,0.92193,8.78
68.6119385,273.256134,118.3187027,0.9239,9.02
70.9101562,274.5122986,118.2411575,0.92533,9.15
71.2916489,282.8738708,117.5139618,0.9241,9.51
70.5938034,279.9683838,117.8436127,0.91616,9.51
69.6819534,284.7245483,117.8726883,0.9151,9.72
69.8029175,282.7587891,117.950264,0.9105,9.69
69.5237732,283.2957764,118.1732788,0.913,9.57
68.9748077,286.7861023,117.8630066,0.917179,9.66
71.1520844,291.0531921,117.9599533,0.9106,9.57
71.2637329,290.5162659,117.8533096,0.9077,9.58
72.2779388,291.81073,118.2314301,0.9026,9.82
72.8920364,292.9902039,118.1848679,0.8994,9.86
73.5805817,295.4161072,117.9907532,0.8988,10.02
73.6084824,299.3476562,117.291954,0.8937,10.03
73.3200455,298.5612793,116.8260651,0.89,10.11
76.1765594,306.2133179,116.2437134,0.882,10.4
75.8415985,309.9146729,116.3699036,0.88343,10.27
75.3856659,307.6037598,116.7872543,0.88452,10.29
74.6971283,305.8872681,117.660759,0.88244,10.42
70.6403122,288.2532349,118.0781021,0.87986,9.95
71.2730408,291.7052307,117.8160553,0.88589,10.03
73.7759705,294.4285278,117.7189941,0.88873,10.11
74.8366928,300.0955505,117.4763412,0.88201,10.24
73.7015305,298.8489685,117.660759,0.88765,10.19
75.2460861,298.9640503,117.9227905,0.88945,10.31
75.3577423,297.2554932,117.9616241,0.891981,10.35
75.1995621,299.1624756,117.854866,0.89465,10.48
74.492424,300.5397034,117.8160553,0.88655,10.45
71.915062,292.8733215,118.0392685,0.88399,10.14
74.3435593,296.0130615,118.05867,0.88882,10.23
72.4733276,288.9822998,118.3789673,0.8911,10.04
72.9478683,293.2296753,118.4954071,0.8908,10.31
74.5389404,296.9858398,118.2819214,0.88911,10.37
74.2505035,299.0661926,118.0973358,0.89,10.45
73.7201385,300.7131042,118.2430573,0.88878,10.53
73.9903107,305.3553162,118.0681915,0.88911,10.61
72.6860199,302.2059631,118.4470673,0.88395,10.6
72.0804672,304.5174255,118.2624588,0.8869,10.71
72.4717484,302.7837524,118.6413422,0.8819,10.58
75.2387009,305.8753662,118.4081955,0.8859,10.72
74.8380966,303.2268372,118.5344696,0.88417,10.52
78.7230225,307.156311,118.5247803,0.881407,10.6
80.0179749,309.978241,118.4859085,0.87637,10.71
81.1545715,308.9573669,118.5733414,0.875872,10.68
81.6390228,309.8530273,118.5441971,0.8778,10.65
82.1048355,312.3571167,118.6219177,0.8739,10.65
82.7756119,313.0216675,118.7482071,0.8727,10.81
83.977417,314.8034058,118.7870483,0.867,10.82
82.5799713,311.0473022,118.9036331,0.8644,10.8
81.853302,309.0440369,118.8453445,0.86236,10.81
81.3315811,311.2976685,118.6607895,0.85818,10.85
81.4433746,309.3233337,118.9424744,0.84967,10.77
82.8408203,313.127655,119.0979156,0.85333,10.86
82.4681778,312.010376,119.2630463,0.84869,10.66
84.1637497,314.4759521,119.2921982,0.8423,10.75
83.7445068,316.6622925,119.2338867,0.84873,10.86
84.079895,317.885437,119.6422119,0.8501,10.92
84.4246063,319.8598022,119.2435989,0.84635,11.05
83.4836426,321.9979248,119.3796921,0.84226,11.02
84.5270844,322.2290955,119.1269302,0.842,10.91
83.9587936,323.1921082,119.0005417,0.8487,10.98
82.9339981,320.524353,118.5922089,0.85195,10.87
82.9246826,324.9932251,118.2421722,0.85204,11.0
82.9526215,324.4056702,117.9991608,0.847903,11.03
82.8874207,324.4153442,118.0574799,0.84627,11.03
82.7569809,325.4458923,118.2518997,0.8437,11.19
83.6047592,326.1489868,118.4560776,0.842,11.16
84.2289734,324.7909546,118.3005295,0.83697,11.19
84.6295624,325.8022156,118.6408157,0.844345,11.15
85.5425568,326.9579163,118.728302,0.8422,11.06
85.7102661,330.2711182,118.5630188,0.8476,11.12
86.4276047,331.4268188,118.2810822,0.84785,11.26
85.8686371,334.7495422,118.2324829,0.84495,11.27
86.9307022,335.4815063,117.8144073,0.8444,11.21
87.2754059,337.648468,118.0088577,0.84605,11.28
88.5424194,336.4253235,118.1352615,0.83905,11.25
87.4524231,339.5939636,118.5224762,0.83759,11.28
88.5051575,344.5058899,118.6878738,0.8387,11.05
86.9120636,332.6499329,118.8435364,0.84407,10.98
86.5860062,329.9339905,118.1819534,0.84461,10.83
85.5332413,320.9192505,118.4349213,0.8459,10.47
88.1977234,327.2565002,118.3765411,0.8496,10.61
87.8995895,321.5741577,118.5224762,0.847,10.47
88.4865417,321.737854,118.7073441,0.84571,10.57
89.6790161,325.9755249,118.6003342,0.8444,10.53
88.5796814,327.6225586,118.5419006,0.84246,10.61
88.5796814,326.3222656,118.4738388,0.84428,10.84
88.9057693,323.45224,118.5127563,0.84721,10.98
90.2379913,319.7284546,118.4057159,0.84401,11.01
90.7038116,316.1699829,118.6197586,0.8442,10.75
87.9648056,319.3899536,118.6197586,0.849762,10.69
84.9556274,311.9830627,118.6197586,0.85409,10.63
85.8965836,312.8145447,118.6781464,0.85774,10.7
86.2692413,317.8718567,118.7754364,0.85666,10.72
87.5548935,323.1514893,118.7559738,0.85945,10.8
87.7132645,321.3916321,118.8435364,0.85625,10.58
88.1977234,323.8283997,118.5224762,0.85164,10.75
87.0704422,325.9073181,118.5896454,0.8528,10.55
87.769165,322.8130493,118.4728088,0.85143,10.37
89.4181595,328.5375366,117.7231674,0.85321,10.72
88.7093811,323.8670044,117.9957657,0.848,10.79
89.9124374,329.5044556,117.655014,0.85196,10.86
91.3672943,332.4246826,117.8692093,0.8498,11.0
93.1485748,335.3933411,117.810791,0.849834,11.03
94.5474854,340.789032,117.937355,0.84625,10.86
93.5122986,338.5649719,118.2002182,0.8463,10.92
92.9340744,336.4376221,118.2391663,0.85163,11.03
90.9383011,336.0218506,118.1126099,0.8515,11.09
90.0150223,335.8187866,118.0444565,0.85418,11.03
89.3248901,330.7132263,117.8497391,0.85357,10.99
88.2150879,332.0379333,117.5966187,0.8497,11.09
87.291832,331.4094238,117.4408493,0.84532,10.98
88.0285797,333.2272644,117.0319519,0.8436,11.02
88.2430801,334.3586731,117.1974487,0.84638,10.93
87.5156403,328.179718,117.5089798,0.84399,10.75
87.4783401,327.0484009,117.7718582,0.84678,10.87
85.3986282,315.8702393,117.7621384,0.8486,10.55
84.9229965,319.0805664,117.2656021,0.85116,10.41
85.7063904,315.7542114,116.8859253,0.85626,10.38
88.0379105,319.2933044,117.0865936,0.85895,10.55
88.1031952,324.9306641,116.823555,0.8589,10.64
89.399498,332.1926575,117.8074799,0.85018,10.8
90.733139,338.6713867,117.788002,0.85232,10.8
91.3113556,338.5939636,117.388588,0.8462,10.64
84.2981491,342.8486633,116.5215759,0.84083,10.92
86.4058456,342.3458557,116.1903534,0.8455,11.18
86.471138,344.888916,116.3754425,0.84611,11.16
88.2990265,341.5432129,117.0378876,0.848875,11.08
89.2129822,346.271698,116.882019,0.847214,11.01
89.4368134,350.5941162,116.7943497,0.84422,11.14
88.5321732,348.7084351,117.0963211,0.84321,11.18
88.0845337,344.5118713,117.0573502,0.84291,11.21
87.9166565,345.9623413,117.184021,0.84405,11.2
86.8628311,343.5932007,117.388588,0.84271,11.29
86.6669693,345.652832,117.1547852,0.84271,11.37
82.6567688,351.2226257,116.969696,0.8444,11.61
83.3748779,350.6810913,117.0086823,0.8403,11.7
82.4702454,351.6577759,117.3593674,0.839208,11.69
81.239212,350.1009216,117.2814255,0.83532,11.65
83.1510544,353.9301147,116.6575241,0.83765,11.57
83.1883469,354.6746826,116.4625778,0.8282,11.65
82.3490067,354.5779724,116.7745285,0.82545,11.66
83.4867935,357.633667,116.3163605,0.82334,11.7
84.1675873,356.8987427,116.6770477,0.82499,11.63
86.5830383,357.9430237,116.7940369,0.82555,11.64
87.291832,354.7327271,116.6282959,0.8257,11.67
87.8513794,354.6166382,116.8915329,0.8279,11.88
88.0285797,354.2008667,117.1254578,0.823432,11.86
87.7581177,352.6150208,117.0572128,0.824171,11.89
90.1735687,357.3821716,116.940239,0.82312,11.98
89.8658066,357.9430237,116.8427734,0.822754,12.04
89.8191757,359.9446716,116.7578888,0.8197,12.19
90.4160461,358.5074463,116.660347,0.81548,12.26
91.339325,357.225647,116.7383957,0.81859,12.09
91.3859558,356.6235046,116.9334641,0.8172,11.97
90.9383011,356.9440002,116.6896286,0.82057,12.13
91.6843948,358.3326111,116.8554459,0.82025,12.18
91.5071869,361.4110413,116.8652191,0.81933,12.11
91.1061859,360.7214966,116.8457031,0.8181,12.14
90.845047,361.2362061,116.9237366,0.81613,12.22
92.2159653,363.0715942,117.0017395,0.813015,12.33
90.5839081,358.1287231,117.0310287,0.81628,12.24
90.4160461,360.5953369,116.7578888,0.81622,12.67
92.1320419,362.7510681,116.0751266,0.81299,12.69
92.6700134,368.140686,115.6654434,0.8103,12.71
92.4352646,370.2382507,115.3337936,0.8149,12.89
93.0123672,367.7425537,115.1094284,0.8206,12.78
92.9927979,367.8201904,115.08992,0.822321,13.03
92.8558502,368.8107605,115.4898605,0.819075,12.96
91.4082031,367.5191956,115.2264862,0.8222,13.11
92.7287216,364.8389893,115.53862,0.82296,12.92
94.0883331,367.7036743,115.6068954,0.828,12.96
93.9611816,372.7922363,115.6556625,0.8238,12.99
92.2005081,373.1320496,115.4898605,0.82538,12.96
90.2931137,371.8114014,115.6654434,0.821943,12.77
90.4007034,373.277771,116.1336288,0.82173,12.94
89.7160034,372.6950684,116.0945969,0.8233,12.99
85.1382599,363.5862427,116.2311783,0.822166,12.95
86.556572,366.7131958,115.9287949,0.8261,12.88
85.2849731,359.3717041,115.7239609,0.82508,12.91
84.306839,365.3536072,115.8684082,0.82482,13.13
84.8545914,370.5198364,115.575592,0.82859,13.2
85.0600052,370.8111877,115.2925491,0.83063,13.33
86.2142181,375.0257263,115.2534866,0.8304,13.41
85.5588608,376.50177,115.0094681,0.83565,13.52
84.287262,379.2208557,115.0582504,0.82996,13.74
84.3850861,378.9683228,115.1461182,0.829628,13.77
83.6612549,378.8032532,115.4389343,0.825083,13.71
84.4828949,379.4150391,115.3510742,0.825,13.7
84.3850861,381.2892456,114.9704361,0.8243,13.92
83.269989,380.9590454,114.1407776,0.824253,14.07
84.3655243,381.0464783,114.2188568,0.82696,14.17
86.1751022,379.4248047,114.2090988,0.830013,14.09
85.157814,378.7546997,113.7503433,0.827,14.04
85.8718796,375.8414307,113.5648956,0.82465,14.35
87.7890472,376.2978516,113.6527405,0.821909,14.44
85.8229523,380.4444275,113.4965744,0.8229,14.64
85.2067261,371.2772827,111.9836807,0.8216,14.54
84.0720673,369.3642273,112.9890213,0.82234,14.24
85.7251511,378.317688,112.8620529,0.82716,14.1
86.7717743,375.3656006,113.0671539,0.8298,14.09
86.9184952,370.3936157,112.4616318,0.82744,14.17
85.0893478,365.8100891,111.9049377,0.82983,14.42
87.6031952,372.5397339,111.7486877,0.83558,14.75
89.0313034,370.6849976,111.3091965,0.83853,14.51
88.2096558,375.9773865,111.836586,0.84376,14.45
90.2050781,378.317688,112.0709457,0.840484,14.52
90.7626343,382.1535645,112.0318832,0.8385,14.76
91.0071716,382.6681824,111.2212906,0.8343,14.68
91.3397217,384.9502258,111.3579941,0.83682,14.66
91.3299561,384.4647217,111.3384857,0.83852,14.58
89.1095505,385.7757263,111.1529083,0.84022,14.59
88.3759232,380.1628418,110.4595032,0.83453,13.86
88.9530411,379.4593811,110.3911362,0.83905,14.2
88.1607361,382.4893494,110.7524796,0.84153,14.14
88.7671814,379.4788818,111.2994232,0.83801,13.68
90.4691772,377.5497742,111.4459152,0.84458,14.06
92.1711655,379.6737061,111.2994232,0.84652,13.78
93.1688766,385.7921143,110.9282608,0.84914,14.14
94.098114,385.59729,110.5473862,0.84832,14.17
93.462326,384.5742798,110.4497147,0.849545,13.94
93.521019,386.1330872,110.2934494,0.85298,13.97
93.462326,390.3029785,110.7820816,0.8526,14.14
94.6067505,395.9050903,110.469368,0.84975,13.89
93.4415588,395.6712341,111.0068359,0.8461,13.97
93.8625946,396.1291504,110.9384613,0.84216,14.02
93.0009384,398.0094604,111.3195801,0.8422,14.13
93.6863556,400.9031067,111.026413,0.83923,14.07
94.4207153,401.0492554,110.9579926,0.8403,14.01
95.2627945,402.237854,111.4173126,0.8393,14.17
95.1550903,400.8641052,111.2804947,0.83653,14.49
98.3079987,405.1704407,111.9938812,0.8343,14.61
96.7021713,406.5246277,111.6909332,0.8353,14.58
97.2211151,404.5273438,111.5736618,0.83546,14.61
97.7107086,401.5655823,111.9059296,0.8302,14.59
99.10112,405.3652649,111.9645691,0.83109,14.5
98.0632172,401.6630249,112.0525436,0.83072,14.63
98.6604919,406.0179749,111.9059296,0.83231,14.74
97.7792435,406.8656311,111.7886429,0.82714,14.87
97.8282089,406.7779236,111.3488998,0.8277,14.98
98.268837,406.6609802,111.4954834,0.827109,15.04
99.8256989,409.2525635,111.3000336,0.824,15.17
98.6409149,406.5635986,111.3977661,0.8246,15.1
100.4229813,407.4404602,111.587471,0.83141,15.19
100.9811096,404.9267883,111.7341766,0.8291,15.41
101.6371536,405.0534973,111.8710556,0.83229,15.43
102.028801,408.2880554,111.9199524,0.83278,15.5
102.9883957,411.259552,111.9590607,0.8286,15.56
103.5367203,407.1871643,111.7341766,0.82162,15.51
102.89048,403.5531006,111.5483551,0.82366,15.63
102.5771561,394.9795227,111.0105362,0.823418,15.63
103.8402634,399.7242432,111.3821182,0.827917,15.22
104.8683853,405.8621216,111.6266022,0.828,15.31
104.3396301,404.8293762,111.5190277,0.82302,15.52
103.7717133,401.3415222,111.5190277,0.82258,15.43
98.8955002,400.2893066,111.1865158,0.818063,15.1
99.9138336,404.5955811,111.6461334,0.8215,14.91
97.074234,404.2643433,111.6852646,0.81797,15.07
95.4292526,408.3855286,111.7928162,0.8208,15.32
95.253006,407.4794006,112.203537,0.81869,15.23
96.3496628,408.2880554,112.076416,0.816387,15.26
97.0840378,408.5023804,111.8808365,0.82017,15.5
97.0155029,409.2330933,111.8710556,0.82013,15.46
97.2406998,408.8726501,111.8505173,0.81747,15.71
98.3765411,409.5156555,111.9777222,0.81848,15.78
97.8771591,407.9957886,111.6939468,0.81901,15.67
98.268837,411.7272644,112.3104401,0.824198,15.83
94.3815536,411.3277893,112.2223587,0.8218,15.78
93.8625946,411.4154663,112.5453033,0.8201,15.94
92.8442612,410.8016968,112.8975906,0.8215,15.89
92.0609283,412.7112427,113.29879,0.820883,15.93
91.6496811,413.3932495,113.132431,0.82152,15.98
91.1796951,414.3188477,112.780159,0.82575,15.92
91.8063583,413.5588989,112.7997208,0.82493,15.93
90.9838562,411.2498169,112.0266571,0.8246,15.82
89.9263458,411.1134338,112.4278641,0.83364,15.42
90.3865585,405.5673828,113.0639267,0.83939,15.57
92.6288452,411.3734741,112.7018356,0.8422,15.79
92.9715576,413.5727234,112.9073563,0.83945,15.75
92.9421844,413.0742493,112.6822815,0.83775,15.83
93.6961365,415.5178833,112.6627121,0.838,15.87
94.831955,416.9938965,112.4278641,0.8382,15.89
95.3019714,417.8344727,112.780159,0.83737,15.86
96.3888321,418.0592957,112.8388748,0.8383,15.93
96.1636353,418.4111328,113.0149841,0.8402,16.09
96.7804947,420.7277527,112.9337387,0.8434,16.21
96.9077835,423.9436035,113.3450089,0.84415,16.26
95.9178391,423.1713867,113.942337,0.8429,15.91
97.1430206,424.6669006,114.2752914,0.8457,15.69
96.5353241,421.2067261,114.5690308,0.847932,15.78
97.6527023,425.7029724,113.9912949,0.844024,16.0
97.8977432,427.2278442,113.9325409,0.84225,16.02
95.8492279,425.7714539,113.5800171,0.8428,16.16
95.5159607,426.4067688,114.0696182,0.84923,15.97
93.0655899,424.9504089,114.5494614,0.84507,15.86
94.2711716,421.617218,114.5298615,0.84661,15.9
92.6931381,415.3908386,115.5090942,0.846453,15.28
92.5461044,421.3435364,115.3622055,0.8479,15.5
92.144249,424.7548523,114.6963196,0.8486,15.82
91.5463562,425.6443176,114.9607239,0.84798,16.0
92.8499527,430.023407,114.7844696,0.84942,16.05
92.7617493,431.07901,114.7061386,0.84937,16.18
93.9771271,429.1143799,115.1957474,0.8469,16.08
92.6441193,428.9383545,115.293663,0.8458,16.12
93.85952,430.7174072,114.9411392,0.84417,16.36
93.2714233,428.6256409,115.2642899,0.840831,16.3
93.1538086,427.7263489,115.7699051,0.84267,16.11
94.6926498,431.2061157,115.7992706,0.84213,16.02
93.4576492,429.085022,115.7699051,0.8425,15.71
93.5262527,431.8023376,115.3485565,0.84478,15.87
94.9964905,432.5158997,114.6724319,0.8449,15.73
95.1925201,432.1640625,114.4275055,0.8511,15.49
94.4377975,432.7016296,114.2119064,0.8519,15.77
95.1631165,433.776825,114.3393021,0.853,15.86
95.016098,435.0768433,114.2217102,0.851651,15.88
94.2123718,435.8685913,114.8782196,0.85206,15.78
95.1729279,436.894928,115.1329803,0.84784,15.74
93.7713013,434.0309753,115.0741959,0.8489,15.58
93.6732788,429.2804871,115.0153961,0.85399,15.38
94.2907715,429.9451599,115.2701645,0.85446,15.18
95.6335831,433.3663025,115.1623764,0.856414,14.89
95.3591461,437.1784058,115.1917725,0.85488,15.42
94.7122574,437.8723755,114.8782196,0.85146,15.74
94.3103943,438.7911987,114.4275055,0.85084,15.84
94.3201904,436.2008972,114.4275055,0.8493,15.79
95.5551758,440.1010132,114.7998352,0.8506,16.01
94.2417755,442.036377,115.0251923,0.847529,16.03
94.4279938,441.3814697,114.809639,0.84768,15.91
94.4966125,441.6160583,114.8586655,0.84672,15.84
94.4377975,442.9747009,114.9959106,0.84453,16.05
94.3201904,442.867157,114.7213593,0.842,16.06
92.3892899,441.2836914,114.2703476,0.8421,15.84
92.4186783,440.7461243,114.5840988,0.84434,16.0
91.3699265,438.8596191,114.9076843,0.846088,15.83
91.2719193,435.3994446,114.544899,0.8456,16.04
92.1344452,436.5137024,114.6821518,0.8466,16.14
91.3503189,434.1580811,115.1135864,0.8466,16.17
91.4581451,437.7843933,114.9174881,0.8471,16.51
91.1444931,437.0904236,114.5546951,0.846024,16.43
90.7720413,432.8327026,114.2213135,0.8498,16.29
90.3799744,425.6156006,114.7998199,0.85252,16.09
90.2427444,425.2135315,114.7311935,0.8525,16.04
90.2133331,429.3614197,114.8390503,0.85303,16.28
89.7526703,434.5781555,113.7996902,0.8556,16.54
89.7428665,435.2940063,113.4565048,0.85177,16.63
88.8803253,434.0486145,113.1525345,0.85302,16.93
88.5568771,425.3017273,112.7211151,0.854935,16.8
89.3311996,426.0176086,112.8387833,0.8557,16.74
88.5960846,420.8106995,112.976059,0.86195,16.86
89.13517,425.811676,113.4371948,0.86397,17.03
88.5176773,420.3204041,113.2998352,0.86153,17.32
89.4488297,424.6937866,112.9466171,0.8607,17.54
90.5379868,426.4588318,112.9760513,0.86236,17.21
89.4291992,430.1459045,112.524704,0.8654,17.46
89.2231369,429.3614197,112.2794037,0.86507,17.51
89.48806,426.2529602,112.0046692,0.8646,17.59
88.8208313,425.2036743,112.5148926,0.86552,17.57
89.1152039,426.733429,112.730751,0.867,17.61
88.3204117,433.9113464,112.9956818,0.8621,17.81
89.5371323,437.2159424,112.4363937,0.8627,17.93
88.6442108,438.5103149,112.2794037,0.86229,17.82
90.881424,441.8933716,111.8770905,0.86104,17.89
92.7261353,443.6290283,111.8280411,0.8597,18.1
92.8536835,444.7861023,111.5336761,0.858,17.83
93.8251114,444.3252258,111.818222,0.86019,17.97
94.5413971,446.7080688,111.9555893,0.8591,18.08
94.4432831,447.1101074,112.0929489,0.8612,18.12
92.5298843,445.129303,112.720932,0.8622,17.81
93.8937912,449.4243164,112.4265671,0.86206,17.92
93.0989838,450.3362427,112.4756317,0.8559,17.85
92.9223709,451.1109009,112.4667969,0.8653,17.98
92.8438721,452.9348145,112.7417374,0.8621,17.97
93.3639297,455.7000732,112.3882294,0.8636,17.57
92.7948074,457.8475647,112.9970474,0.8609,17.4
94.0409698,459.4360962,113.6156235,0.8654,17.63
94.6002808,459.8283691,113.1246567,0.86439,17.74
93.6582947,458.3084717,113.6450882,0.8627,17.86
93.913414,454.62146,112.6729889,0.8624,17.62
94.0606079,454.7685242,112.3096924,0.87063,17.69
94.3647766,458.2005615,112.5453568,0.8733,17.64
92.2158966,458.3574524,112.1034927,0.874,17.68
92.1177597,460.1716003,112.0053024,0.87978,17.68
89.0268936,459.0537109,112.4078827,0.8833,17.45
89.0170746,460.612854,112.4766312,0.8833,17.51
88.6049728,459.7891541,112.7810135,0.87963,17.24
90.322113,458.4947815,111.9562073,0.88686,17.35
92.7457581,459.1027222,111.4947205,0.88951,17.73
93.8447342,460.3284607,111.8383789,0.88929,17.66
92.8144302,450.0617065,113.2817612,0.89209,16.51
93.1873093,455.582428,113.0264816,0.88549,16.47
91.1954117,446.7178955,113.7039948,0.88547,15.96
91.3818436,441.756073,113.9182053,0.88259,15.75
94.1979675,448.5221252,113.672554,0.88343,16.01
93.4326172,444.6194153,114.3407593,0.88447,15.96
94.9731369,449.8851624,113.7708054,0.88458,16.34
94.9927597,459.1910095,113.3384399,0.886,16.53
93.3344955,460.4068909,112.9748688,0.8868,16.72
93.4620514,457.2984924,113.2598343,0.8814,16.42
93.2756119,461.6032104,113.3384399,0.88548,16.62
94.8750153,457.5141296,113.8789062,0.88403,16.52
95.3165665,454.3664551,113.682373,0.8861,16.39
99.8989105,461.4659729,113.5153275,0.888,16.48
101.0861969,457.3965149,113.8458099,0.88568,16.59
100.5385513,452.5285034,114.1015244,0.88229,16.41
101.0861969,447.7165833,114.0031662,0.8894,16.22
100.7874756,455.667572,113.5507355,0.88672,16.64
100.7277451,460.2236633,113.6589203,0.88593,16.92
100.8173523,463.0871887,113.4228668,0.8827,17.04
102.8785095,469.6408997,113.4622192,0.88306,17.29
102.9083786,469.2570496,113.442543,0.88261,17.25
103.5257339,469.8573608,112.8622437,0.8838,17.32
102.6096649,468.5584412,113.2359924,0.88027,17.24
102.2113724,467.377594,113.108139,0.883,17.11
101.5641479,470.0836792,112.0557404,0.87924,17.18
101.723465,469.926239,111.7792206,0.88478,17.3700008
102.4503403,460.9026489,111.5246201,0.88624,17.39
104.9022064,460.4696655,111.2492294,0.8839,17.6
108.8192291,458.6492004,110.8853073,0.8852,17.65
109.6365204,458.0784302,110.8558121,0.88075,17.56
108.5600891,462.2507935,110.905571,0.88258,17.9899998
109.4870148,463.5004883,111.1410522,0.87978,18.19
108.8989716,457.1140747,111.4951019,0.874,17.97
109.3873444,457.3010254,110.7279739,0.87282,18.32
109.5069504,449.2024231,109.8919449,0.87638,18.53
107.274353,444.5381165,109.9435501,0.88264,18.6200008
106.8158569,439.6179199,110.3935547,0.88157,18.56
107.6630554,430.9879761,111.0328598,0.88388,18.57
109.5169144,432.8182373,110.934494,0.88172,18.47
108.9388275,427.5339966,110.7869644,0.88307,18.67
107.2743454,426.4613953,110.0001221,0.8846,18.82
107.284317,424.3555603,110.4623718,0.8894,18.92
108.3607559,434.8945923,110.7181091,0.8971,19.02
108.3009567,442.727478,110.7181091,0.89667,19.12
107.7427979,445.7189636,110.5684662,0.8905,19.26
109.1182404,450.0487366,110.7949142,0.887,19.32
109.3375168,439.4703064,110.3223495,0.88496,19.4
108.7095947,441.5368347,109.4756851,0.87445,19.67
108.7394943,440.119812,109.5052261,0.87297,19.63
108.8391647,443.7410889,109.1508102,0.8739,19.41
108.0717087,450.2357178,109.2984619,0.87556,19.63
106.1580505,442.1469116,108.2942886,0.87554,19.5
105.8490677,433.4283447,109.4166107,0.876,19.93
105.8590317,432.011322,108.6585541,0.87989,20.06
105.4304581,438.9783325,108.3336639,0.88446,19.7
105.7294693,439.4703064,108.5601044,0.88053,19.63
104.8822861,430.0826416,109.1409454,0.8791,19.77
106.0583878,427.2977905,109.4953766,0.87978,19.84
105.8989105,422.7121887,109.485527,0.8842,20.17
104.2742996,415.2138367,108.9145203,0.88268,20.28
102.5400467,421.4624634,109.1704941,0.88451,20.58
106.8856277,430.7616272,109.1409454,0.8936,20.23
105.5799637,429.6595154,110.3814316,0.89437,20.81
102.8988571,423.1156921,111.456459,0.89159,22.07
104.5732956,430.8993835,109.781311,0.89825,23.19
104.7327728,428.7541504,110.2542877,0.8999,23.23
106.8358002,425.2706909,111.3480835,0.9036,24.26
106.1680145,412.7340698,110.8750839,0.91958,24.91
103.4171448,409.6048584,110.1557541,0.92036,25.85
103.756012,420.5867004,109.4758453,0.91758,23.08
104.3241272,418.6875305,108.9733047,0.90303,22.58
105.1912537,413.3638916,108.9437408,0.90794,23.0
105.3606949,410.342865,107.5642242,0.91474,22.1
106.9553986,419.3664856,107.514946,0.91381,21.46
105.7892685,428.6655884,107.3671494,0.91163,21.29
109.1581039,434.028595,107.1602097,0.90728,22.5
110.8524933,438.7824402,107.4755249,0.90094,22.7
111.8093185,438.6541443,106.0762787,0.90554,23.82
112.9754486,443.7870178,105.4948959,0.90767,23.65
113.6232986,438.0717163,106.2043915,0.90664,24.49
113.7229767,444.675354,105.6131592,0.90857,24.19
116.2844772,446.8469849,104.5292435,0.9083,24.38
116.493782,450.0254211,104.7657318,0.91059,22.97
115.8060684,455.5926208,105.2879791,0.9096,23.05
116.7828293,452.7794495,105.701828,0.90159,23.42
113.613327,445.8105469,105.8989105,0.89591,22.65
114.8093719,447.0740356,105.2093658,0.90315,22.61
113.7229767,450.9039307,105.1403046,0.9052,23.14
113.8525467,445.2084045,103.8874512,0.91109,22.77
116.5858841,440.7566223,103.5224533,0.91689,22.42
119.2394104,442.9776001,103.2659531,0.91758,22.36
118.2218933,441.7930908,102.7431259,0.9204,22.62
118.1420898,434.2418213,102.2498856,0.9187,22.26
115.0196915,432.6328735,102.7431259,0.91929,23.11
113.6330795,437.5880737,102.9700089,0.92369,23.76
111.8374557,432.1393433,102.042717,0.91772,24.06
109.3734589,432.3170166,101.7467728,0.92462,24.45
110.8797836,439.2957458,101.0759506,0.92749,23.64
112.7651901,438.9700012,101.8651581,0.9264,23.72
112.7452316,432.4058228,101.3028488,0.92167,23.76
108.0766144,420.5409851,101.3521652,0.92292,23.35
110.2912216,422.9790955,102.0032501,0.92498,23.08
108.1464539,410.7292786,102.6839294,0.93334,23.43
106.6899872,411.8841553,102.111763,0.93953,23.6
110.1515656,422.288147,101.9638062,0.94741,23.89
107.0989914,406.6821899,101.4212189,0.952,23.68
110.0617828,409.130188,100.6656494,0.94913,24.06
111.9571609,411.0056763,100.7841568,0.95156,23.56
115.5583725,423.5220032,101.4360352,0.9498,24.43
112.1367188,408.468811,100.4187088,0.9414,24.33
109.1938934,406.0307007,99.8458557,0.94879,24.37
108.4856186,393.0307007,100.5866165,0.94947,22.97
108.0067902,393.9388123,100.9224396,0.94645,22.85
107.6077576,387.6806335,101.5446854,0.9494,23.58
108.5355072,387.2759399,101.8805008,0.95125,23.73
107.5578766,396.5348816,101.3471451,0.96343,24.17
109.4831848,394.9259338,101.7718506,0.96148,24.75
110.919693,403.0497131,101.0014572,0.95795,24.46
111.6279602,386.8020935,101.7224655,0.94806,23.93
110.1515656,384.433136,102.0879059,0.95486,24.3
110.7201767,384.6009521,102.5619965,0.94527,24.42
112.6654358,391.7968445,101.9397583,0.94609,24.58
114.4510803,388.8059387,102.8188171,0.93615,24.49
115.3389206,392.2410278,103.0262222,0.9314,24.63
116.5260239,400.0785522,102.9768372,0.93575,24.99
120.0474396,409.900116,103.1249924,0.93171,25.25
119.0897751,407.6001892,102.0484161,0.9282,25.04
118.1819916,404.3033142,101.4738464,0.93161,25.19
119.0897751,412.002655,101.6221848,0.9386,25.68
118.8204346,405.2410583,101.4243927,0.93014,25.92
119.7780991,406.4749146,100.6629181,0.93231,25.94
120.8953781,410.3739319,101.0683746,0.93533,26.13
119.3391724,405.912262,100.6925964,0.9347,26.34
115.2591095,396.2585144,100.6035843,0.93304,26.28
113.2839203,384.7687073,99.6146698,0.94169,26.0
113.2639771,370.15979,97.8444901,0.95329,25.77
112.1367188,369.0443726,97.0632248,0.96014,25.3
112.2963257,374.3055725,98.4180527,0.9578,25.25
109.94207,361.9175415,99.0608597,0.95637,25.41
109.2936554,362.6977539,99.0905228,0.94815,24.5
111.90728,371.8281555,98.5762787,0.9505,24.48
111.5780792,371.1540222,99.8223267,0.94943,24.01
109.4831848,374.7922974,100.3860245,0.9466,23.47
115.7080078,386.7084045,100.0300064,0.95056,23.83
116.2766342,385.2312927,99.4663162,0.94642,23.94
115.1393967,377.3598938,99.5948792,0.9451,24.23
113.3637314,377.0526123,100.3959045,0.95025,23.79
115.9873352,373.9892883,101.1672745,0.95725,23.1
118.1919708,377.9447937,102.2517929,0.95441,23.38
116.8552246,378.6585693,102.6281586,0.95848,21.85
119.8504868,379.937439,101.7565842,0.97488,21.54
120.4295731,385.6278076,101.1326065,0.9817,22.4
120.1899414,385.3106079,100.5185318,0.9833,22.77
120.130043,380.9089661,101.3108826,0.98366,22.76
116.8652115,377.5383301,101.548584,0.99527,21.58
117.2346191,375.5556335,101.9843826,0.9967,21.73
112.1526566,374.6435852,101.4198303,0.99674,21.62
115.8967438,381.8012085,101.7664871,0.99744,21.89
110.1158752,378.6486816,101.4693527,0.99046,22.48
111.7832413,388.8794556,101.0038528,0.98569,22.6
111.1642151,391.3578491,100.904808,0.97739,22.6
111.114296,395.3431091,102.0537109,0.98205,22.17
111.0144577,391.6750793,103.2224121,0.97837,21.92
112.4621658,392.1509705,102.8559494,0.98037,22.31
112.4122391,387.5114136,102.8955688,0.978,22.33
112.9414062,397.5737,103.1035614,0.98721,22.86
114.0097198,402.5601807,104.123703,0.9795,22.79
114.8783417,408.4290161,104.1633148,0.98113,22.93
113.0811844,407.2195435,104.7725143,0.9796,22.25
113.0112991,404.53302,103.3239441,0.97453,22.05
114.5688324,410.8677673,103.7505798,0.98467,21.85
116.5956345,410.59021,104.2764206,0.98448,21.56
118.0932617,409.8962402,102.7683411,0.97582,21.47
118.3029327,409.4203796,103.373558,0.9804,21.69
119.4710846,407.7945862,103.0659943,0.9796,21.89
120.6991425,416.3598633,103.1255188,0.9707,22.22
120.2698212,416.3598633,102.4409256,0.9687,22.66
121.5777435,423.4084167,102.8477173,0.9743,22.57
121.8173752,425.1531982,103.1751328,0.9841,22.12
122.296608,425.9859619,103.0560684,0.9833,21.86
126.8593979,422.9623108,102.3615494,0.9825,22.02
128.0075989,424.1915894,102.5599823,0.9894,22.36
127.2787399,418.4913025,101.6769638,0.9958,22.38
125.7411728,409.7772522,101.230484,1.0059,22.61
124.2036057,408.7859497,100.9824524,1.0033,23.03
125.2818985,410.0945435,100.6451111,1.0032,23.29
126.2304001,415.8840637,101.2900162,1.0029,23.02
124.9624023,401.8067627,101.1709518,1.0033,23.07
124.8226166,399.1499634,100.5954971,0.9989,23.49
124.0438538,394.7681274,100.5657349,0.9974,22.76
122.4563599,391.7643127,100.149025,0.9962,22.25
123.5046997,392.9936218,99.35289,1.0046,21.73
122.2167435,388.8497009,99.9094925,1.0041,21.89
122.2866287,387.3825378,98.7962952,1.0104,21.72
126.999176,394.3418579,99.4423447,1.0002,21.14
129.0159912,396.9193726,99.0745926,0.999,21.26
128.4768372,403.0856018,99.0845413,0.9849,21.87
128.8961792,407.4178467,98.8459854,0.9872,22.21
126.5099564,389.702301,98.2893906,1.0028,22.06
127.8378448,391.1893311,98.3390961,1.0016,22.16
126.8893509,386.7480774,98.001152,1.0012,21.42
124.6928253,383.7976074,98.0806656,0.9984,21.38
127.089035,386.7739258,97.8023682,0.9975,21.51
124.9024963,382.3343201,97.1960754,1.0027,21.46
121.168396,375.6649475,97.5837021,1.0164,21.38
122.2267227,372.5094299,96.1126862,1.0164,21.33
121.3381271,366.2680969,96.2319641,1.0319,20.53
118.6923141,362.6447144,94.6317368,1.0395,20.04
118.9119644,361.7189941,93.9856796,1.0421,20.32
118.8620529,368.8363037,96.1027603,1.027,20.98
118.2030869,361.1316833,95.6607,1.0185,20.88
116.026535,355.5473022,95.4070053,1.0201,20.58
120.3097534,364.9342041,96.5393143,1.0169,21.13
123.7443237,376.2422791,96.7384796,1.0013,21.74
122.146843,375.3663025,95.8222809,1.0117,22.1
121.827095,371.4941101,95.2944794,1.0211,22.23
121.8670654,361.1316833,94.826416,1.0262,22.61
123.6357193,358.3743286,94.2687302,1.0306,22.31
123.3559265,356.1047668,94.5077438,1.0302,21.97
121.3074951,354.9301453,94.816452,1.0304,21.87
122.3267136,364.2971497,94.4181061,1.0228,22.28
115.8016891,355.9952698,93.8902969,1.0285,21.73
119.4988708,365.14328,93.9898834,1.0161,21.68
120.1683655,369.4335632,94.2288971,1.0139,21.4
121.1076431,366.8155823,93.242981,1.023,21.43
118.7694321,363.7397156,92.5458832,1.0227,21.46
122.3566895,372.5791321,92.7550125,1.0138,21.58
123.1660767,377.1381836,92.6355057,1.0126,21.59
122.0169525,383.1605225,93.7907104,1.0037,21.69
122.8363266,380.2737732,94.2687302,0.992,22.17
124.2852249,378.243103,94.9359589,1.0034,22.17
129.6011658,387.2417603,94.4479828,1.0033,21.98
128.3021545,384.4446106,94.0197678,1.0114,21.85
128.9216919,382.7623291,94.0028,1.0127,22.1
127.6326752,373.1564636,93.8431091,1.0182,22.23
127.2229843,369.3141174,93.4339294,1.0251,22.17
126.5235214,374.6296997,93.2343216,1.0036,22.98
127.2030029,378.2132568,92.9049759,0.9977,22.83
129.0016327,380.2538757,93.5237503,0.9925,22.44
127.6026917,372.4198608,93.8431091,0.998,21.84
129.6411438,392.8858643,95.9489212,0.9812,22.02
126.1338196,396.6884155,95.749321,0.9658,22.42
122.8862915,393.3139038,95.5197754,0.969,21.98
122.9662247,396.6684875,96.228363,0.9661,22.31
125.814064,393.642395,96.9369507,0.9619,22.07
127.9224548,392.4378967,96.2782669,0.9649,21.63
128.2621918,394.2197266,95.9389343,0.9685,21.44
129.7110901,392.7863159,95.8790588,0.9761,21.4
129.9908752,398.072052,96.4279709,0.9698,21.66
130.9901123,400.5805359,96.9469299,0.9599,21.25
131.4697571,400.4909363,96.9169922,0.9614,21.02
129.920929,394.1002808,96.9569168,0.9668,20.85
131.0200806,393.4234009,96.5477219,0.9686,21.13
132.0493011,405.8164673,97.4160004,0.9594,21.59
131.1599731,405.5178528,98.4800034,0.9499,21.47
132.4090271,405.0500183,98.6800003,0.9487,21.21
131.1599731,397.7634583,97.6800003,0.953,20.59
130.8702087,392.0297852,98.2799988,0.955,20.1
130.3805695,391.362854,99.1399994,0.9517,19.94
131.0800323,394.428772,98.5800018,0.9471,19.87
129.2814178,391.4822998,97.8499985,0.9493,19.89
129.8409882,397.1264038,97.71,0.9489,20.22
128.182251,400.1325989,98.59,0.9404,20.68
126.483551,397.5743408,98.86,0.9367,20.93
127.5627289,387.848999,98.86,0.9407,20.74
126.3536453,383.269989,98.61,0.9446,20.43
126.973175,380.019989,97.81,0.9426,20.41
127.0930862,380.5400085,97.1,0.9413,20.42
129.0216064,386.230011,97.22,0.9428,20.87
128.5020142,380.7200012,97.19,0.9437,20.71
129.3413696,382.9100037,96.75,0.9418,21.09
130.070816,381.3999939,95.94,0.9397,21.24
129.6211548,376.6600037,95.71,0.9422,21.04
130.4605103,383.4400024,96.18,0.9379,20.99
129.6111755,382.4299927,95.78,0.9341,21.23
130.0408325,380.8200073,96.53,0.9475,20.58
131.1399994,383.7600098,97.27,0.9431,19.92
131.5299988,379.3800049,97.13,0.9502,19.86
134.6100006,388.08,98.38,0.9392,19.97
132.0099945,387.86,98.63,0.9318,20.21
133.0200043,390.58,98.01,0.9313,20.21
132.25,395.52,98.64,0.9295,20.68
132.9400024,396.96,99.52,0.9215,20.9
133.65,398.5,98.99,0.9232,21.15
130.69,397.77,98.68,0.9269,21.37
128.23,391.49,100.02,0.9263,21.08
125.92,388.64,99.83,0.9233,21.28
127.63,395.88,99.17,0.921,21.49
127.12,400.63,98.85,0.9198,21.6
